{
    "invalid":"Nombre de usuario o contraseña incorrecta.",
    "deleted":"El usuario ha sido eliminado. Contacte al administrador para más ayuda.",
    "deactivated":"El usuario ha sido desactivado. Contacte al administrador para más ayuda.",
    "nouser":"El usuario no está registrado con ese número de teléfono o correo electrónico.",
    "sendcode":"Código de verificación enviado con éxito!",
    "nouserfound":"El usuario no fue encontrado.",
    "passupdate":"Contraseña actualizada con éxito!",
    "phonealready":"Número de teléfono ya registrado",
    "error":"Error del servidor",
    "incorrect":"Código de verificación incorrecto",
    "codematch":"Código de verificación correcto!",
    "notcompleteverification":"La verificación no está completada",
    "emailalready":"Correo electrónico ya registrado",
    "acc_create":"Cuenta creada con éxito!",
    "novalid":"'No se proporciono información válida para la actualización.",
    "userupdate":"Usuario actualizado con éxito!",
    "bankadded":"Información bancaria añadida con éxito!",
    "bankupdate":"Información bancaria actualizada con éxito!",
    "bankdelete":"Información bancaria eliminada con éxito!",
    "userdelete":"Usuario eliminado con éxito!",
    "catcreate":"Categoría creada con éxito!",
    "Invalid_last_id":"Usuario incorrecto",
    "no_cat":"No se encontraron más categorías",
    "not_cat":"Categoría no encontrada",
    "catupdate":"Categoría actualizada con éxito!",
    "gigupdate":"Anuncio actualizada con éxito!",
    "cat_delete":"Categoría eliminada con éxito!",
    "gigcreate":"Anuncio creado con éxito!",
    "nomoregig":"No se encontraron más anuncios",
    "novalidfield":"No se proporciono información válida para la actualización.",
    "notgigfound":"El anuncio con el usuario proporcionado no fue encontrado.",
    "likeadd":"Me gusta añadido con éxito!",
    "nogig":"Anuncio no encontrado",
    "likedelete":"Me gusta eliminado con éxito!",
    "nofavgig":"No se encontraron más anuncios en favoritos",
    "gigdelete":"Anuncio eliminado con éxito!",
    "offercreat":"Oferta creada con éxito!",
    "nomoreoffer":"No se encontraron más ofertas",
    "offergivenid":"La oferta con el usuario proporcionado no fue encontrado.",
    "offerupdate":"Oferta actualizada con éxito!",
    "offerdelete":"Oferta eliminada con éxito!",
    "offernotfound":"Oferta no encontrada",
    "nofavoffer":"No se encontraron más ofertas en favoritos",
    "invalidstat":"Estado no válido",
    "offercancel":"Oferta cancelada con éxito!",
    "alreadyapplied":"'Ya ha solicitado esta oferta!",
    "jobnot":"Trabajo no encontrado",
    "jobnewappl":"Ha recibido una nueva solicitud para",
    "job":"Trabajo",
    "newapp":"Nueva solicitud",
    "requestcreat":"Solicitud creada con éxito!",
    "noapp":"No se encontraron más aplicaciones",
    "nomorereq":"No se encontraron más solicitudes",
    "reqno":"Solicitud no encontrada",
    "reqdelete":"Solicitud eliminada con éxito!",
    "gigidnot":"El usuario del anuncio no está disponible",
    "offersub":"Su oferta ha sido enviada!",
    "offerSubmitted":"Oferta enviada!",
    "offerfo":"Has recibido una nueva oferta de",
    "neworder":"Nueva oferta",
    "ordercreate":"Pedido creado con éxito!",
    "noorder":"No se encontraron más pedidos",
    "ordernot":"Pedido no encontrado",
    "orderupdate":"Pedido actualizado con éxito!",
    "offeraccept":"Su oferta ha sido aceptada por ",
    "Offeraccepted":"Oferta aceptada!",
    "invoicefor":"Factura para ",
    "servicefee":"Tarifa de servicio para",
    "cong":"¡Felicidades! Su pedido ha sido completado por ",
    "receive":"Y recibiste",
    "kindlyrate":"Amablemente, apoya con una calificación al usuario!",
    "Ordercompleted":"Pedido completado!",
    "Ordercancelled":"Pedido cancelado con éxito!",
    "OrderSubmitted":"Pedido enviado con éxito!",
    "Orderupdated":"Pedido actualizado con éxito!",
    "ordersub":"El pedido ha sido enviado por ",
    "ordesub":"Pedido enviado!",
    "orderdelet":"Pedidos eliminados con éxito!",
    "nonoti":"No se encontraron más notificaciones",
    "notino":"Notificaciones no encontradas",
    "notidelete":"Notificaciones eliminadas con éxito!",
    "dep":" depósitos a tu cuenta",
    "withdraw":" retiros de tu cuenta.",
    "balcadd":"¡Saldo agregado con éxito!",
    "nobalance":"No tienes suficiente saldo en tu cuenta",
    "requestsent":"Solicitud de retiro de saldo enviada a los administradores.",
    "transationnot":"No existen transacciones",
    "nome":"No se encontraron más mensajes",
    "ratingdone":"Calificación creada exitosamente!",
    "ratingyes":"La calificación es permitida.",
    "ratingnotper":"La calificación no esta permitida.",
    "nomorerat":"No se encontraron calificaciones",
    "ratingdell":"Calificación eliminada exitosamente!",
    "messagesent":"El mensaje se ha enviado con éxito!",
    "supportupd":"Soporte actualizado con éxito!",
    "supportnot":"Soporte no encontrado",
    "paydone":"Pago completado con éxito!."
}